,Title,Company,Location,Experiance,Post duration
0,urgent hiring work from home job for (AWS Dev Ops Engineer) for permanent position,Company Name Confidential,"Bengaluru / Bangalore, Delhi",4-10 Years,Posted: 2 days ago
1,"Hiring ""Software Developer"" - Mumbai",HR Dynamics,"Mumbai, Mumbai City",2-6 Years,Posted: a month ago
2,Position: Full Stack Developer,K J Recruitment Services,Jaipur,3-7 Years,Posted: 4 hours ago
3,Software Developer - Australia/Canada,Beyond Infinity Consultancy Llp,"Australia, Canada",3-8 Years,Posted: 4 hours ago
4,SOFTWARE DEVELOPER- DOT NET,Company Name Confidential,"Bengaluru / Bangalore, Chennai",Fresher,Posted: 4 days ago
5,SOFTWARE DEVELOPER,Isoft It Training,"Bengaluru / Bangalore, Chennai",Fresher,Posted: 4 days ago
6,PHP Software Developer,Minda Solution Tech Mark,Cuttack,0-2 Years,Posted: 4 days ago
7,Software Developer ( Fresher),Manheer Singh (Proprietor Of BigBoss Decor),Hyderabad / Secunderabad,0-1 Years,Posted: 2 days ago
8,Software Developer 3,Solitaire Infotech Solution,Kollam,0-2 Years,Posted: 2 days ago
9,Integration Developer,Minda Solution Tech Mark,Vellore,0-2 Years,Posted: 5 days ago
10,Software Developer,Solitaire Infotech Solution,Kottayam,0-3 Years,Posted: 4 days ago
11,Fresher Software Developer,Solitaire Infotech Solution,Chennai,0-3 Years,Posted: 5 days ago
12,SOFTWARE DEVELOPER,Isoft It Training,"Bengaluru / Bangalore, Chennai",Fresher,Posted: 6 days ago
13,SOFTWARE DEVELOPER,Isoft It Training,"Bengaluru / Bangalore, Chennai",Fresher,Posted: 8 days ago
14,Software Developer - Australia/Canada,A V Immigration And Careers Consultancy Private Limited,"Australia, Canada",3-8 Years,Posted: 14 hours ago
15,Junior Software Developer Opening for Freshers in chennai,Best Caliber Creator,Chennai,0-1 Years,Posted: 14 days ago
16,"Software Developer, Dot Net Programmer Dot Net Developer",Company Name Confidential,"Mumbai, Pune",0-5 Years,Posted: 9 days ago
17,React.Js,Acute Informatics Private Limited,Ahmedabad,1-5 Years,Posted: 2 days ago
18,one identity management,TechDemocracy LLC,Saudi Arabia,4-9 Years,Posted: 10 days ago
19,Software Developer - Freshers - Spot Offer (Any Degree),Minda Solution Tech Mark,Delhi,0-1 Years,Posted: 4 days ago
20,Software Developer,Diraa HR Services,Coimbatore,0-5 Years,Posted: 3 days ago
21,.Net Developer For Chandigarh Location,MNR Solutions Private Limited,Chandigarh,2-6 Years,Posted: 6 days ago
22,Associate Software Developer,Acute Informatics Private Limited,Ahmedabad,0-1 Years,Posted: 5 days ago
23,CONTROL PLANE DEVELOPER,Company Name Confidential,Bengaluru / Bangalore,5-15 Years,Posted: 12 days ago
24,"Software Developer Trainee- Java, J2ee Certified Freshers",Solitaire Infotech Solution,Bhopal,0-1 Years,Posted: 12 days ago
25,CRM Developer/ Software Developer,Company Name Confidential,Kollam,1-2 Years,Posted: 10 days ago
26,Fresher Software Developer,Solitaire Infotech Solution,Amritsar,0-1 Years,Posted: 17 days ago
27,SOFTWARE DEVELOPER / SOFTWARE ENGINEER (Encryption / Decryption),Silaris Informations Private Limited,Delhi,2-6 Years,Posted: a month ago
28,Software Developer Web/Mobile,Solframe Consulting LLP,Delhi,2-6 Years,Posted: 13 days ago
29,"Fresher Java Developer, Java Programmer",Company Name Confidential,"Bengaluru / Bangalore, Pune",Fresher,Posted: 17 hours ago
30,Software Developer,Fenopix,Bengaluru / Bangalore,0-1 Years,Posted: 3 days ago
31,SOFTWARE DEVELOPER,E-merge Tech Global Services Private Limited,Chennai,1-2 Years,Posted: 4 days ago
32,Software Developer,Vivotex India Private Limited,"Bengaluru / Bangalore, Hyderabad / Secunderabad",4-8 Years,Posted: 3 days ago
33,Software Developer,Diraa HR Services,Coimbatore,0-3 Years,Posted: 2 days ago
34,Software Developer,Minda Solution Tech Mark,Kolkata,0-2 Years,Posted: 4 days ago
35,Software developer,Isoft It Training,"Bengaluru / Bangalore, Chennai",0-2 Years,Posted: 4 days ago
36,Android Developer/ Php developer/ Web Designer/ Software Developer/ Software Programmer,Smit Job Placement Consultancy,Delhi,0-2 Years,Posted: a month ago
37,Software Developer,(Proprietor Of Birla Technology),Vellore,0-2 Years,Posted: 18 days ago
38,Software Developer,(Proprietor Of Birla Technology),Cuddalore,0-2 Years,Posted: 25 days ago
39,Opening For Junior Software Developer Fresher,Solitaire Infotech Solution,Indore,0-1 Years,Posted: 24 days ago
40,Software Programmer,Team Management Services,Mumbai City,2-4 Years,Posted: 15 days ago
41,Software Developer,(Proprietor Of Birla Technology),Nellore,0-2 Years,Posted: 16 days ago
42,Api Development,TalentFirst HR Consulting Private Limited,Bengaluru / Bangalore,8-12 Years,Posted: 30+ days ago
43,Software Developer,Serviam Consultancy Services,Chennai,5-15 Years,Posted: 5 days ago
44,Software Developer,(Proprietor Of Birla Technology),Coimbatore,0-2 Years,Posted: 23 days ago
45,Gunank Technologies PVT LTD,Gunank Technologies Private Limited,Singrauli,3-4 Years,Posted: 30+ days ago
46,Full Stack Developer,Prov labs India Private Limited,Bengaluru / Bangalore,3-5 Years,Posted: 3 days ago
47,Fresher Software Developer,Samkalp Skill Development Private Limited,Chandigarh,0-3 Years,Posted: a month ago
48,"Software Test Engineer, Software Engineer/Programmer",Manheer Singh (Proprietor Of BigBoss Decor),Mumbai,0-3 Years,Posted: 2 days ago
49,Software Engineer are required For CANADA & AUSTRALIA,Pear Visa Immigration Services Private Limited,"Australia, Canada",3-8 Years,Posted: 4 days ago
50,Full Stack Developer,Prov labs India Private Limited,Bengaluru / Bangalore,3-5 Years,Posted: 3 days ago
51,WLAN DEVELOPER,Company Name Confidential,Bengaluru / Bangalore,5-15 Years,Posted: 19 days ago
52,Software Developer,Blitzpath Innovations Private Limited,Bengaluru / Bangalore,3-5 Years,Posted: 6 days ago
53,Senior Software Developer,"Cozietech Solutions Pvt. Ltd.,","Chennai, Coimbatore",1-5 Years,Posted: 4 days ago
54,Software Developer,NewGenApps,Lucknow,1-3 Years,Posted: 9 days ago
55,Software Developer,Company Name Confidential,Bengaluru / Bangalore,4-6 Years,Posted: 14 days ago
56,Software Developer,Global Technologies,Pune,4-8 Years,Posted: 6 days ago
57,Chief Technology Officer (Product Head) for Bangalore / Cochin,ConnectIN Jobs Global,"Bengaluru / Bangalore, Cochin / Kochi / Ernakulam",15-25 Years,Posted: 11 days ago
58,Software Developer,DXC Technology India,"Bengaluru / Bangalore, Chennai",5-9 Years,Posted: 30+ days ago
59,Python/Django Developer,Solitaire Infotech Solution,Kolkata,0-3 Years,Posted: 3 days ago
60,Software Engineer,Solitaire Infotech Solution,Cochin / Kochi / Ernakulam,0-2 Years,Posted: 2 days ago
61,Software Developer,Gunank Technologies Private Limited,Singrauli,3-5 Years,Posted: 30+ days ago
62,Software Developer/Programmer/Engineer,Samkalp Skill Development Private Limited,Howrah,0-4 Years,Posted: a month ago
63,Software and Applications Programmers for USA / Canada,Navyah Immigration Services Private Limited,"Canada, Japan",2-5 Years,Posted: a day ago
64,Software Engineering,Minda Solution Tech Mark,Kollam,0-2 Years,Posted: 4 days ago
65,Software Developer,AJ Career,Indore,0-5 Years,Posted: 30+ days ago
66,"Software Engineer, and Designer Job in Canada and Singapore",Shalitin Immigrations LLP,"Canada, Singapore",2-5 Years,Posted: 3 days ago
67,URGENT REQUIRED 15 JAVA DEVELOPERS (FRESHER) FOR A BANGALORE BASED REPUTED IT COMPANY.,TRANSVISION SOFTWARE AND DATA SOLUTIONS PVT LTD,Bengaluru / Bangalore,0-1 Years,Posted: 12 days ago
68,Software Developer / Pentaho Developer / Pentaho Testing / SQL,Fpt India Private Limited,Hyderabad / Secunderabad,4-10 Years,Posted: 24 days ago
69,Software Engineer in Germany,Ameuro Migration Private Limited,Germany,1-11 Years,Posted: 4 days ago
70,Immediate -AWS - Cloud Developers/ Engineers work from home/remote- Later Mumbai / Kolkata,DSI Services,"Bengaluru / Bangalore, Hyderabad / Secunderabad",3-8 Years,Posted: a month ago
71,Software Developer /Android Developer / Web developer,Smit Job Placement Consultancy,"Delhi, Noida",3-4 Years,Posted: 17 days ago
72,Dotnet Web Developer,AasaanJobs Private Limited,Surat,1-6 Years,Posted: 30+ days ago
73,URGENT REQUIRED 15 JAVA DEVELOPERS (FRESHER) FOR A BANGALORE BASED REPUTED IT COMPANY.,TRANSVISION SOFTWARE AND DATA SOLUTIONS PVT LTD,Bengaluru / Bangalore,0-1 Years,Posted: 5 days ago
74,Software Engineer - JavaScript SDK,Solitaire Infotech Solution,Erode,0-2 Years,Posted: 4 days ago
75,"angular developer,software developer",Company Name Confidential,Bengaluru / Bangalore,3-5 Years,Posted: 3 days ago
76,Senior Software Developer - Salesforce,Genix Education Solutions India Private Limited,Delhi,4-10 Years,Posted: 3 days ago
77,Cashier & Clerk,Company Name Confidential,"Hubli, Rajkot",Fresher,Posted: 10 days ago
78,"Software Developer for an IT Co.(financial services) at Goregaon east, Mumbai",Visishta Consulting,Mumbai City,3-4 Years,Posted: 15 days ago
79,Software Developer,Manheer Singh (Proprietor Of BigBoss Decor),Mohali,0-2 Years,Posted: 30+ days ago
80,"Software Developer (RoR, JavaScript)",Snaphunt Pte Ltd,Chennai,2-8 Years,Posted: 3 days ago
81,Software Engineer,Strabus Software Solutions Private Limited,Hyderabad / Secunderabad,1-3 Years,Posted: 19 days ago
82,Senior Software Developer,Silverline Associates,"Mumbai, Mumbai City, Navi Mumbai, Thane",5-10 Years,Posted: 12 days ago
83,Software Developer,MNR Solutions Private Limited,Bengaluru / Bangalore,2-5 Years,Posted: 30+ days ago
84,Hiring IT Freshers Software Engineer,Company Name Confidential,Chennai,0-1 Years,Posted: 3 days ago
85,URGENT REQUIRED 15 JAVA DEVELOPERS (FRESHER) FOR A BANGALORE BASED REPUTED IT COMPANY.,TRANSVISION SOFTWARE AND DATA SOLUTIONS PVT LTD,Bengaluru / Bangalore,0-1 Years,Posted: 14 days ago
86,Software Engineer Software Developer Software Programmer,The World Migration,Canada,3-10 Years,Posted: 2 days ago
87,Software Developer,Systel Rugged Computers India LLP,Navi Mumbai,3-6 Years,Posted: 15 days ago
88,Software Engineer,Bloom Berry Solution,"Hyderabad / Secunderabad, Vijayawada",Fresher,Posted: 5 days ago
89,Software Developer,Kameda Infologics Private Limited,"Delhi, Thiruvananthapuram / Trivandrum",0-5 Years,Posted: 25 days ago
90,"Full Stack Engineer (Node.JS, NoSQL)",Snaphunt Pte Ltd,Delhi,1-4 Years,Posted: 17 days ago
91,Computer Hardware and Networking,Minda Solution Tech Mark,Hubli,0-2 Years,Posted: 3 days ago
92,"Java Backend Developer - Blockchain Consulting & Solutions based software company,Narhe,Pune",Seventh Contact Hiring Solutions,Pune,5-8 Years,Posted: a day ago
93,Software Engineer Associate / software engineer / software developer,First Executive Placement,"Bengaluru / Bangalore, Mumbai, Mumbai City, Navi Mumbai",0-1 Years,Posted: 19 days ago
94,Software Developer Software Engineer,Astral Manpower Services,Japan,5-10 Years,Posted: 30+ days ago
95,Software Developer / Software Engineer / Software Programmer,Silaris Informations Private Limited,Delhi,4-9 Years,Posted: 30+ days ago
96,Sr. Software Engineer - Roku Streamer,Sanacara Business Solutions,Bengaluru / Bangalore,3-11 Years,Posted: 5 days ago
97,Laravel Developer,Gempulse Infotech Private Limited,Jaipur,1-3 Years,Posted: 4 days ago
98,Senior Azure Developer,Cloudgarner Solutions Private Limited,"Bengaluru / Bangalore, Delhi",2-7 Years,Posted: 2 days ago
99,C/C++ Engineer with SQL and DB2,Krudh Solutions For Life Private Limited,Hyderabad / Secunderabad,6-10 Years,Posted: 6 days ago
100,Urgent Opening for Software Developer ( PHP ) at Mulund,T7E Aftermarket Connect Private Limited,Mumbai City,1-4 Years,Posted: 30+ days ago
101,Software Developer - Australia/Canada,A V Immigration And Careers Consultancy Private Limited,"Australia, Canada",10-14 Years,Posted: 15 days ago
102,SERVICENOW DEVELOPER/ Lead Developer / Software Developer,MITS Solution,Hyderabad / Secunderabad,0-10 Years,Posted: 30+ days ago
103,Associate Software Engineer,Acute Informatics Private Limited,Ahmedabad,0-1 Years,Posted: 30+ days ago
104,We Requires 6 Software Developer at Borivali West,Company Name Confidential,"Mumbai, Mumbai City, Navi Mumbai, Thane",2-7 Years,Posted: 10 days ago
105,Software Developer - Australia/Canada,A V Immigration And Careers Consultancy Private Limited,"Australia, Canada",4-9 Years,Posted: 16 days ago
106,Software Testing Engineer,Roundworld Immigration Private Limited,"Australia, Canada",2-10 Years,Posted: 15 hours ago
107,Openings for Software Developer freshers,Best Caliber Creator,Chennai,0-1 Years,Posted: 4 days ago
108,Urgent wanted for Software Engineer/Testing Engineer UI/UX Developers,Company Name Confidential,"Bengaluru / Bangalore, Coimbatore",0-10 Years,Posted: 12 days ago
109,Software Engineer (Developer / Programmer) 2019-20 Passout,Solitaire Infotech Solution,Jaipur,0-1 Years,Posted: 19 days ago
110,Trainee Software Engineers,Solitaire Infotech Solution,Bareilly,0-1 Years,Posted: 6 days ago
111,Sr. Software Developer - Angular JS,Executive81 HR Solutions Private Limited,Pune,6-10 Years,Posted: 2 days ago
112,Software Engineers - Australia/Canada,A V Immigration And Careers Consultancy Private Limited,"Australia, Canada",9-14 Years,Posted: 15 days ago
113,Software Engineers - Australia/Canada,A V Immigration And Careers Consultancy Private Limited,"Australia, Canada",3-8 Years,Posted: 16 days ago
114,Urgent wanted for Software Engineer/Testing Engineer UI/UX Developers,Diraa HR Services,Coimbatore,0-5 Years,Posted: 8 days ago
115,C++DirectX Developer,Acmeture Global Consulting Services,Pune,3-9 Years,Posted: 30+ days ago
116,Back-End Software Developer,Cipher Research Private Limited,Gurgaon / Gurugram,3-7 Years,Posted: 9 days ago
117,Front End Software Developer,Cipher Research Private Limited,Gurgaon / Gurugram,2-5 Years,Posted: 9 days ago
118,QA Workday developer with finance,MITS Solution,"Chennai, Hyderabad / Secunderabad",4-13 Years,Posted: 14 days ago
119,Requirement of Software Developer,S K International,"Mumbai, Mumbai City",2-5 Years,Posted: 8 days ago
120,Hiring for c/c++ & Data acquisition systems developer _ Part Time _Pan india,Briskwin It Solutions Private Limited,Bengaluru / Bangalore,4-14 Years,Posted: a month ago
121,Workday finance,MITS Solution,"Chennai, Hyderabad / Secunderabad",4-14 Years,Posted: 14 days ago
122,Workday,MITS Solution,"Chennai, Hyderabad / Secunderabad",4-14 Years,Posted: 14 days ago
123,MERN developer Software Developer,Kotumb Digital Empowerment and Careers Private Limited,Bengaluru / Bangalore,0-3 Years,Posted: 9 days ago
124,Php developer - Experienced and Freshers.,Early World HR Solutions,Indore,1-2 Years,Posted: 2 days ago
urgent hiring work from home job for (AWS Dev Ops Engineer) for permanent position,Company Name Confidential,"Bengaluru / Bangalore, Delhi",4-10 Years,Posted: 2 days ago
"Hiring ""Software Developer"" - Mumbai",HR Dynamics,"Mumbai, Mumbai City",2-6 Years,Posted: a month ago
Position: Full Stack Developer,K J Recruitment Services,Jaipur,3-7 Years,Posted: 4 hours ago
Software Developer - Australia/Canada,Beyond Infinity Consultancy Llp,"Australia, Canada",3-8 Years,Posted: 4 hours ago
SOFTWARE DEVELOPER- DOT NET,Company Name Confidential,"Bengaluru / Bangalore, Chennai",Fresher,Posted: 4 days ago
SOFTWARE DEVELOPER,Isoft It Training,"Bengaluru / Bangalore, Chennai",Fresher,Posted: 4 days ago
PHP Software Developer,Minda Solution Tech Mark,Cuttack,0-2 Years,Posted: 4 days ago
Software Developer ( Fresher),Manheer Singh (Proprietor Of BigBoss Decor),Hyderabad / Secunderabad,0-1 Years,Posted: 2 days ago
Software Developer 3,Solitaire Infotech Solution,Kollam,0-2 Years,Posted: 2 days ago
Integration Developer,Minda Solution Tech Mark,Vellore,0-2 Years,Posted: 5 days ago
Software Developer,Solitaire Infotech Solution,Kottayam,0-3 Years,Posted: 5 days ago
Fresher Software Developer,Solitaire Infotech Solution,Chennai,0-3 Years,Posted: 5 days ago
SOFTWARE DEVELOPER,Isoft It Training,"Bengaluru / Bangalore, Chennai",Fresher,Posted: 6 days ago
SOFTWARE DEVELOPER,Isoft It Training,"Bengaluru / Bangalore, Chennai",Fresher,Posted: 8 days ago
Software Developer - Australia/Canada,A V Immigration And Careers Consultancy Private Limited,"Australia, Canada",3-8 Years,Posted: 14 hours ago
Junior Software Developer Opening for Freshers in chennai,Best Caliber Creator,Chennai,0-1 Years,Posted: 14 days ago
"Software Developer, Dot Net Programmer Dot Net Developer",Company Name Confidential,"Mumbai, Pune",0-5 Years,Posted: 9 days ago
React.Js,Acute Informatics Private Limited,Ahmedabad,1-5 Years,Posted: 2 days ago
one identity management,TechDemocracy LLC,Saudi Arabia,4-9 Years,Posted: 10 days ago
Software Developer - Freshers - Spot Offer (Any Degree),Minda Solution Tech Mark,Delhi,0-1 Years,Posted: 4 days ago
Software Developer,Diraa HR Services,Coimbatore,0-5 Years,Posted: 3 days ago
.Net Developer For Chandigarh Location,MNR Solutions Private Limited,Chandigarh,2-6 Years,Posted: 6 days ago
Associate Software Developer,Acute Informatics Private Limited,Ahmedabad,0-1 Years,Posted: 5 days ago
CONTROL PLANE DEVELOPER,Company Name Confidential,Bengaluru / Bangalore,5-15 Years,Posted: 12 days ago
"Software Developer Trainee- Java, J2ee Certified Freshers",Solitaire Infotech Solution,Bhopal,0-1 Years,Posted: 12 days ago
CRM Developer/ Software Developer,Company Name Confidential,Kollam,1-2 Years,Posted: 10 days ago
Fresher Software Developer,Solitaire Infotech Solution,Amritsar,0-1 Years,Posted: 17 days ago
SOFTWARE DEVELOPER / SOFTWARE ENGINEER (Encryption / Decryption),Silaris Informations Private Limited,Delhi,2-6 Years,Posted: a month ago
Software Developer Web/Mobile,Solframe Consulting LLP,Delhi,2-6 Years,Posted: 13 days ago
"Fresher Java Developer, Java Programmer",Company Name Confidential,"Bengaluru / Bangalore, Pune",Fresher,Posted: 18 hours ago
Software Developer,Fenopix,Bengaluru / Bangalore,0-1 Years,Posted: 4 days ago
Software Developer,Vivotex India Private Limited,"Bengaluru / Bangalore, Hyderabad / Secunderabad",4-8 Years,Posted: 3 days ago
SOFTWARE DEVELOPER,E-merge Tech Global Services Private Limited,Chennai,1-2 Years,Posted: 4 days ago
Software Developer,Diraa HR Services,Coimbatore,0-3 Years,Posted: 2 days ago
Software Developer,Minda Solution Tech Mark,Kolkata,0-2 Years,Posted: 4 days ago
Software developer,Isoft It Training,"Bengaluru / Bangalore, Chennai",0-2 Years,Posted: 4 days ago
Android Developer/ Php developer/ Web Designer/ Software Developer/ Software Programmer,Smit Job Placement Consultancy,Delhi,0-2 Years,Posted: a month ago
Software Developer,(Proprietor Of Birla Technology),Vellore,0-2 Years,Posted: 18 days ago
Opening For Junior Software Developer Fresher,Solitaire Infotech Solution,Indore,0-1 Years,Posted: 24 days ago
Software Developer,(Proprietor Of Birla Technology),Cuddalore,0-2 Years,Posted: 25 days ago
Api Development,TalentFirst HR Consulting Private Limited,Bengaluru / Bangalore,8-12 Years,Posted: 30+ days ago
Software Developer,(Proprietor Of Birla Technology),Nellore,0-2 Years,Posted: 16 days ago
Software Developer,Serviam Consultancy Services,Chennai,5-15 Years,Posted: 5 days ago
Software Programmer,Team Management Services,Mumbai City,2-4 Years,Posted: 15 days ago
Gunank Technologies PVT LTD,Gunank Technologies Private Limited,Singrauli,3-4 Years,Posted: 30+ days ago
Software Developer,(Proprietor Of Birla Technology),Coimbatore,0-2 Years,Posted: 23 days ago
Fresher Software Developer,Samkalp Skill Development Private Limited,Chandigarh,0-3 Years,Posted: a month ago
Software Engineer are required For CANADA & AUSTRALIA,Pear Visa Immigration Services Private Limited,"Australia, Canada",3-8 Years,Posted: 4 days ago
Software Developer,Wings of Fire,Coimbatore,0-5 Years,Posted: 11 days ago
"Software Test Engineer, Software Engineer/Programmer",Manheer Singh (Proprietor Of BigBoss Decor),Mumbai,0-3 Years,Posted: 2 days ago
Software Developer,Wings of Fire,Coimbatore,0-5 Years,Posted: 11 days ago
WLAN DEVELOPER,Company Name Confidential,Bengaluru / Bangalore,5-15 Years,Posted: 19 days ago
Software Developer,Blitzpath Innovations Private Limited,Bengaluru / Bangalore,3-5 Years,Posted: 6 days ago
Senior Software Developer,"Cozietech Solutions Pvt. Ltd.,","Chennai, Coimbatore",1-5 Years,Posted: 4 days ago
Software Developer,NewGenApps,Lucknow,1-3 Years,Posted: 9 days ago
Software Developer,Company Name Confidential,Bengaluru / Bangalore,4-6 Years,Posted: 14 days ago
Software Developer,Global Technologies,Pune,4-8 Years,Posted: 6 days ago
Software Developer,DXC Technology India,"Bengaluru / Bangalore, Chennai",5-9 Years,Posted: 30+ days ago
Chief Technology Officer (Product Head) for Bangalore / Cochin,ConnectIN Jobs Global,"Bengaluru / Bangalore, Cochin / Kochi / Ernakulam",15-25 Years,Posted: 11 days ago
Python/Django Developer,Solitaire Infotech Solution,Kolkata,0-3 Years,Posted: 3 days ago
Software Developer,Gunank Technologies Private Limited,Singrauli,3-5 Years,Posted: 30+ days ago
Software Engineer,Solitaire Infotech Solution,Cochin / Kochi / Ernakulam,0-2 Years,Posted: 2 days ago
Software Developer/Programmer/Engineer,Samkalp Skill Development Private Limited,Howrah,0-4 Years,Posted: a month ago
Software and Applications Programmers for USA / Canada,Navyah Immigration Services Private Limited,"Canada, Japan",2-5 Years,Posted: a day ago
Software Engineering,Minda Solution Tech Mark,Kollam,0-2 Years,Posted: 5 days ago
Software Developer,AJ Career,Indore,0-5 Years,Posted: 30+ days ago
"Software Engineer, and Designer Job in Canada and Singapore",Shalitin Immigrations LLP,"Canada, Singapore",2-5 Years,Posted: 3 days ago
URGENT REQUIRED 15 JAVA DEVELOPERS (FRESHER) FOR A BANGALORE BASED REPUTED IT COMPANY.,TRANSVISION SOFTWARE AND DATA SOLUTIONS PVT LTD,Bengaluru / Bangalore,0-1 Years,Posted: 12 days ago
Software Developer / Pentaho Developer / Pentaho Testing / SQL,Fpt India Private Limited,Hyderabad / Secunderabad,4-10 Years,Posted: 24 days ago
Software Engineer in Germany,Ameuro Migration Private Limited,Germany,1-11 Years,Posted: 4 days ago
Immediate -AWS - Cloud Developers/ Engineers work from home/remote- Later Mumbai / Kolkata,DSI Services,"Bengaluru / Bangalore, Hyderabad / Secunderabad",3-8 Years,Posted: a month ago
Software Developer /Android Developer / Web developer,Smit Job Placement Consultancy,"Delhi, Noida",3-4 Years,Posted: 17 days ago
Dotnet Web Developer,AasaanJobs Private Limited,Surat,1-6 Years,Posted: 30+ days ago
URGENT REQUIRED 15 JAVA DEVELOPERS (FRESHER) FOR A BANGALORE BASED REPUTED IT COMPANY.,TRANSVISION SOFTWARE AND DATA SOLUTIONS PVT LTD,Bengaluru / Bangalore,0-1 Years,Posted: 5 days ago
Cashier & Clerk,Company Name Confidential,"Hubli, Rajkot",Fresher,Posted: 10 days ago
Senior Software Developer - Salesforce,Genix Education Solutions India Private Limited,Delhi,4-10 Years,Posted: 3 days ago
Software Developer,Manheer Singh (Proprietor Of BigBoss Decor),Mohali,0-2 Years,Posted: 30+ days ago
"Software Developer for an IT Co.(financial services) at Goregaon east, Mumbai",Visishta Consulting,Mumbai City,3-4 Years,Posted: 15 days ago
Software Engineer,Strabus Software Solutions Private Limited,Hyderabad / Secunderabad,1-3 Years,Posted: 19 days ago
Senior Software Developer,Silverline Associates,"Mumbai, Mumbai City, Navi Mumbai, Thane",5-10 Years,Posted: 12 days ago
"Software Developer (RoR, JavaScript)",Snaphunt Pte Ltd,Chennai,2-8 Years,Posted: 3 days ago
Software Developer,MNR Solutions Private Limited,Bengaluru / Bangalore,2-5 Years,Posted: 30+ days ago
Hiring IT Freshers Software Engineer,Company Name Confidential,Chennai,0-1 Years,Posted: 3 days ago
URGENT REQUIRED 15 JAVA DEVELOPERS (FRESHER) FOR A BANGALORE BASED REPUTED IT COMPANY.,TRANSVISION SOFTWARE AND DATA SOLUTIONS PVT LTD,Bengaluru / Bangalore,0-1 Years,Posted: 14 days ago
URGENT REQUIRED 15 JAVA DEVELOPERS (FRESHER) FOR A BANGALORE BASED REPUTED IT COMPANY.,TRANSVISION SOFTWARE AND DATA SOLUTIONS PVT LTD,Bengaluru / Bangalore,0-1 Years,Posted: 5 days ago
Software Engineer Software Developer Software Programmer,The World Migration,Canada,3-10 Years,Posted: 2 days ago
Software Developer,Systel Rugged Computers India LLP,Navi Mumbai,3-6 Years,Posted: 15 days ago
Software Engineer,Bloom Berry Solution,"Hyderabad / Secunderabad, Vijayawada",Fresher,Posted: 5 days ago
Software Developer,Kameda Infologics Private Limited,"Delhi, Thiruvananthapuram / Trivandrum",0-5 Years,Posted: 25 days ago
"Full Stack Engineer (Node.JS, NoSQL)",Snaphunt Pte Ltd,Delhi,1-4 Years,Posted: 17 days ago
Software Engineer - JavaScript SDK,Solitaire Infotech Solution,Erode,0-2 Years,Posted: 4 days ago
Computer Hardware and Networking,Minda Solution Tech Mark,Hubli,0-2 Years,Posted: 3 days ago
"Java Backend Developer - Blockchain Consulting & Solutions based software company,Narhe,Pune",Seventh Contact Hiring Solutions,Pune,5-8 Years,Posted: a day ago
Software Developer Software Engineer,Astral Manpower Services,Japan,5-10 Years,Posted: 30+ days ago
Software Developer / Software Engineer / Software Programmer,Silaris Informations Private Limited,Delhi,4-9 Years,Posted: 30+ days ago
Sr. Software Engineer - Roku Streamer,Sanacara Business Solutions,Bengaluru / Bangalore,3-11 Years,Posted: 5 days ago
Laravel Developer,Gempulse Infotech Private Limited,Jaipur,1-3 Years,Posted: 4 days ago
Senior Azure Developer,Cloudgarner Solutions Private Limited,"Bengaluru / Bangalore, Delhi",2-7 Years,Posted: 2 days ago
C/C++ Engineer with SQL and DB2,Krudh Solutions For Life Private Limited,Hyderabad / Secunderabad,6-10 Years,Posted: 7 days ago
Urgent Opening for Software Developer ( PHP ) at Mulund,T7E Aftermarket Connect Private Limited,Mumbai City,1-4 Years,Posted: 30+ days ago
SERVICENOW DEVELOPER/ Lead Developer / Software Developer,MITS Solution,Hyderabad / Secunderabad,0-10 Years,Posted: 30+ days ago
Associate Software Engineer,Acute Informatics Private Limited,Ahmedabad,0-1 Years,Posted: 30+ days ago
Software Testing Engineer,Roundworld Immigration Private Limited,"Australia, Canada",2-10 Years,Posted: 16 hours ago
We Requires 6 Software Developer at Borivali West,Company Name Confidential,"Mumbai, Mumbai City, Navi Mumbai, Thane",2-7 Years,Posted: 10 days ago
Software Developer - Australia/Canada,A V Immigration And Careers Consultancy Private Limited,"Australia, Canada",4-9 Years,Posted: 16 days ago
Software Engineer Associate / software engineer / software developer,First Executive Placement,"Bengaluru / Bangalore, Mumbai, Mumbai City, Navi Mumbai",0-1 Years,Posted: 19 days ago
Software Engineers - Australia/Canada,A V Immigration And Careers Consultancy Private Limited,"Australia, Canada",9-14 Years,Posted: 15 days ago
Software Engineer (Developer / Programmer) 2019-20 Passout,Solitaire Infotech Solution,Jaipur,0-1 Years,Posted: 19 days ago
Software Engineers - Australia/Canada,A V Immigration And Careers Consultancy Private Limited,"Australia, Canada",3-8 Years,Posted: 16 days ago
Urgent wanted for Software Engineer/Testing Engineer UI/UX Developers,Company Name Confidential,"Bengaluru / Bangalore, Coimbatore",0-10 Years,Posted: 12 days ago
Software Developer - Australia/Canada,A V Immigration And Careers Consultancy Private Limited,"Australia, Canada",10-14 Years,Posted: 15 days ago
Sr. Software Developer - Angular JS,Executive81 HR Solutions Private Limited,Pune,6-10 Years,Posted: 2 days ago
Trainee Software Engineers,Solitaire Infotech Solution,Bareilly,0-1 Years,Posted: 6 days ago
Openings for Software Developer freshers,Best Caliber Creator,Chennai,0-1 Years,Posted: 4 days ago
Vacancy For Junior Software Engineer - Java/J2EE,Samkalp Skill Development Private Limited,Nellore,0-3 Years,Posted: a month ago
Back-End Software Developer,Cipher Research Private Limited,Gurgaon / Gurugram,3-7 Years,Posted: 9 days ago
Front End Software Developer,Cipher Research Private Limited,Gurgaon / Gurugram,2-5 Years,Posted: 9 days ago
C++DirectX Developer,Acmeture Global Consulting Services,Pune,3-9 Years,Posted: 30+ days ago
Php developer - Experienced and Freshers.,Early World HR Solutions,Indore,1-2 Years,Posted: 2 days ago
QA Workday developer with finance,MITS Solution,"Chennai, Hyderabad / Secunderabad",4-13 Years,Posted: 14 days ago
Workday finance,MITS Solution,"Chennai, Hyderabad / Secunderabad",4-14 Years,Posted: 14 days ago
Workday,MITS Solution,"Chennai, Hyderabad / Secunderabad",4-14 Years,Posted: 14 days ago
MERN developer Software Developer,Kotumb Digital Empowerment and Careers Private Limited,Bengaluru / Bangalore,0-3 Years,Posted: 9 days ago
Requirement of Software Developer,S K International,"Mumbai, Mumbai City",2-5 Years,Posted: 8 days ago
Urgent wanted for Software Engineer/Testing Engineer UI/UX Developers,Diraa HR Services,Coimbatore,0-5 Years,Posted: 8 days ago
